ID;Nationality;Age;DaysSinceCreation;NameHash;DocIDHash;
1;PRT;51;150;0x8E0A7AF39B633D5EA25C3B7EF4DFC5464B36DB7AF375716EB065E29697CC071E;0x71568459B729F7A7ABBED6C781A84CA4274D571003ACC7A4A791C3350D924137;
2;PRT;NULL;1095;0x21EDE41906B45079E75385B5AA33287CA09DE1AB86DE66EF88352FD1BE8DE368;0x5FA1E0098A31497057C5A6B9FE9D49FD6DD47CCE7C268E6548699E78E587AAEA;
3;DEU;31;1095;0x31C5E4B74E23231295FDB724AD578C02C4A723F4BA2B4AF99F129EC2F4B3AD41;0xC7CF344F5B03295037595B1337AC905CA188F1B5B3A56C8C6E1A24202C9C672C;
4;FRA;60;1095;0xFF534C83C0EF23D1CE516BC80A65D0197003D27937D485BC549171D52CE13CEA;0xBD3823A9B4EC35D6CAF4B27AE423A677C0200DB61E823EE8BE57787729DCBDB8;
5;FRA;51;1095;0x9C1DEF02C9BE242842C1C1ABF2C5AA249A1EEB4763B47FF457133EE9199F1037;0xE175754CF77247B202DD0820F49407C762C14A603B3A6CFEA2A4DC06A5F7E00C;
6;JPN;54;1095;0x6E70C1504EB27252542F58E4D3C8C83516E093334721A3CE1DD194FE3F98DA0F;0xE82EC1D6938A04CF19E1F7F55A402E7ABC686261537A24EAE7FF5CA92646528E;
7;JPN;49;1095;0x1DD6DA89DEECA1841ABD572562982EE905566F4469ACB5B44FD49001BCF570ED;0xAB9CEF189D944E0607A55E48023A3A5290722C0DFC1B295463CC8BD61C02FAD3;
8;FRA;32;1095;0x5A3A2D6A659769FCA243FC2A97644D27A75FB9AA4DF38D55145E5BEBDB4F06AA;0xB27F5644C88A7148360EFFF55D8F40565BAC3084B4C4A03F9EED486EB2437B2C;
9;FRA;42;1095;0xD9D899DA4FB0CF23FDF902C1B237A30AE854FFBC79FC67092F2E6358FF5E9308;0xCCDDA9F399058BA00C9A53C107F986F1B5CECD1CEAEF234DF0EF11D769445AD7;
10;IRL;25;1095;0x801B08C30D1A38E502BFC39A7914A2FF786C353FE409DE3524585487FAB951F9;0x0659443C9197CB0C2B728362C9837E67A72B3BA7D579842A41FD8977049A2679;